content,score,detected_language
"Please fix the ""WiFi bug"" , i couldn't open the app on any wifi",2,english
"Lumayanlah alternatif hiburan Gratis otomatis, krn pake HALO.",4,unclear
"Rada kesel pengen nonton, udah coba buat bayar yg perbulan tapi gak bisa""",3,unclear
Hebat,5,unclear
"Ga bisa"" mutar video",1,unclear
Apk tidak guna,1,indonesian
Why keris siamang tunggal upin ipin movie cant play?,3,english
Mantap sih cuman masih kurang film nya,4,indonesian
GK ada yg gratisan gak papa harus nonton iklan yg penting bisa nonton,1,indonesian
"Cok ngapain gw beli Disney dulu, Mending beli netfilx, Film nya lengkap, Gak kayak disney",1,indonesian
Sebenrnua sih apk ini bagus cuma nak nonton Vidio yang ku suka malah harus bayar dulu,2,indonesian
Video nya putus-putus padahal udah pake wifi,1,indonesian
Banyak yg gak bisa di puter filmÂ² baru nya,1,indonesian
Untuk login ke TV sungguh susah sekali,1,indonesian
"Apknya bagus banget, recomend",5,unclear
Saya suka disney ini,4,indonesian
Karena ngga bisa di download padahal memo ngga penuh terus jaringan masih bagus dan stabil udah selesai download kok ada bacaan kirimkan pesan ada permasalahan gitu jadi aku kasih bintang 1,1,indonesian
"Gk Bisa nonton Stand By Me Doraemon, Mengecewakan!",1,indonesian
Film Marvel nya lambat update,3,indonesian
kualitas videnya sudah saya setel ke yang paling tinggi tapi masih buruk kualitasnya,3,indonesian
"Sudah berlangganan via telkomsel, tapi masih minta berlangganan terus..? Blm bisa dibuka. ğŸ˜©ğŸ˜¤",1,indonesian
"saya sudah beli paket Disney hostar di my telkomsel tetapi pas login, akun nya belum berlangganan, gmana nih, apakah sudah tidak bekerja sama lagi?",1,indonesian
"Semoga ditahun depan Disney+ Hoststar semakin bagus , tidak ada kenaikan tarif seperti 100k /bulan , sangat tidak di sarankan. SEMOGA LEBIH SUKSES LAGI KEDEPANNYA ğŸ”¥",5,indonesian
"aplikasi kocak ga bakal langganan di sini lagi, udah bayar langganan tapi ga di aktifkan padahal udah komplain ke email nya juga, gada respon sama sekali, udah beberapa kali ngalamin ini, buat yang lain lebih baik gausah langganan di sini banyak bug juga",1,indonesian
"Saya sudah bayar langganan tp tidak bisa diaktivasi, sudah email cs tp tidak ada respon padahal sudah bayar sampai 2 kali ganti apk. Sangat mengecewakan!",1,indonesian
"Maaf ini masalah hp saya ato gimana, setiap mau nonton yg muncul cuma black screen ama subtitle gak ada visualnya. Mohon segera di fiks.",5,indonesian
yoks mantab yah jadi gitu deh dah,4,unclear
"Beli paket Disney melalui Mytelkomsel, 2 hari blm aktif. Pulsa sdh di debet...Komplen sana sini, ga ada tanggapan....Capeeeee deeeeh",1,indonesian
"Kenapa Disney di tv gak bisa dan tidak connect pake Wifi juga, Sedangkan pake data bisa dan d buka di hp. Please dulu bisa di putar di tv dan pake wifi Jika saya pake data boros yang ada. Ribet banget dulu mudah dan enak kenapa sekarang makin ribet",1,indonesian
"Ini kenapa sih?!! Ga bisa dibuka tulisanya ""something went wrong. Please try again"" padahal wifi saya lancar",1,indonesian
@ windi 2008 12,5,unclear
Overral udah bagus cuma kurang lengkap tv series nya,5,indonesian
"Kecewa sih, bug yg meresahkan Hp ane pas nonton film tiba tiba delay dan udh Di close app hp ane ttp delay, alhasil harus di restart hpnya",3,indonesian
Jelek banget harus membayar kalau mau download padahal bagus2 filmnya,1,indonesian
Kenapa sih saya tidak bisa download aplikasi ini padahal udah beberapa kali coba tapi tidak bisa plis kurangi mbnya saya susah untuk mendownload nya plis kecilkan mb nya ya sekali lagi saya cuma mau kecilkan mb nya ya,1,indonesian
Setelah update malah selalu keluar sendiri kalau mau play film... Tolong diperbaiki ya... Thanks...,4,indonesian
"Tolong la kak untuk top-up nya di tambah lagi biar bisa di gunakan, bagi penguna Shopee pay atau pembayaran melalui indomaret",4,indonesian
"Awalnya sangat kesulitan untuk login di android tv dan cuma bisa via anycast,tapi setelah lihat tutorial di ytub akhirnya berhasil juga.Sangat memuaskan, paket langganan per tahun sangat murah di banding lainya, audio dan video juga baik sekali di tempat saya, HD dan dolby atmos. Saya sarankan channel WILD ANIMAL bisa bahasa indonesia akan sangat membantu ibu saya dalam menonton.... Dan satu lagi, pembayaran via gopay sangat membantu saya yg tidak punya credit card, apalagi kalau bisa via BRI.",5,indonesian
Lumayan buat nonton kalau lagi gk jualan bisa nonton dirmh sambil rebahan,5,indonesian
tambahkan opsi milih resolusi dong,3,unclear
Please help me to connect to my smart tv. When i log in to activate there only Otp directly to the web not asking me to input the 4 digit from my tv. Tolong bantu saya biar bisa nonton di tv. Tiap kali active kan di crime cuma nanya no hp saja lalu otp langsung masuk ke web nga ada kolom buat isi 4 digit di tv saya,1,indonesian
"Sudah berlangganan 1 tahun, tapi diminta berlangganan saat mau nonton.",1,indonesian
"Aplikasinya bagus, Hanya saja terkadang ada beberapa bug seperti freeze, cuman tolong untuk kualitas videonya lebih di pertahankan hanya ada 3 opsi dan sekalipun pilih yang paling baik terkadang ada noise dan blur pada series/film, padahal jaringan lancar lancar saja, semoga lebih diperhatikan.",3,indonesian
"Saya sudah memilih paket berlangganan 1 tahun, tetapi ketika ingin menonton film saya diminta untuk berlangganan kembali. Ketika memilih paket 1 tahun tidak bisa karena anda sudah berlangganan.",2,indonesian
Ga bisa distel di tv android,1,indonesian
"Udah pake wifi tapi malah lag, tolong perbaiki aplikasinya...",1,unclear
"Bagus nih aplikasi,tapi kalo ada stranger think lebih mantap nih aplikasi",4,indonesian
Mantapppp,5,unclear
perbanyak lagi filmÂ² nya kaka ğŸ‘,5,indonesian
Fiturnya keren tapi kenapa saya ga bisa nonton saluran saya yah?,5,indonesian
Tidak mendapat kode Verifikasi jd tidak bisa login,1,indonesian
Aplikasi error tidak bisa play movie sejak 2 hari ini,1,indonesian
Tidak bisa login di tv,1,indonesian
ok,5,unclear
Kok jadi lemot ya...padahal sdh didownload filmnya,1,unclear
Baik apklikasinya,4,unclear
Ga bisa log in,4,indonesian
"kenapa kita harus membayar untuk menonton video? saya kecewağŸ˜ ğŸ˜ .apk gak guna,",1,indonesian
Awal download sih masih bagus tapi setelah 7 hari pemakaian masa jadi ada iklan kalau iklannya sedikit sih gapapa tapi ini iklannya kebangetan masa setiap 1 menit iklan kalau gitu mending gausah berlangganan Disney mending netflix,1,indonesian
Kok udah berlangganan melalui beli paket data di My Telkomsel tp tetep harus berlangganan lg? Sebelum2 g begini... Sedikit kecewa sih,2,indonesian
Resolusi udah paling tinggi tapi layarnya tetep ga HD,3,unclear
Kok film amazing spederman ngak ada bahasa indonesia nya,1,indonesian
Yg mau jawab plis dong disini ada serial india anupama gk,1,indonesian
Tolong ada kan pengaturan utk autoplay atau menonaktifkan autoplay nya,1,indonesian
"Kenapa sering ngeblankng bisa d lihat ya,buat apa langganan tahunan klo g bisa",2,indonesian
Flim nya tambahin lagi min saran saya ğŸ¤£,4,indonesian
"Sudah berlangganan tapi tidak bisa nonton film hanya layar hitam saja yang kelihatan tapi kalau nonton trailer lancar2 aja, itu maksudnya gimana ya, jadi merasa tertipu sayaÂ°^Â°",1,indonesian
Tolong tambahkan lagi koleksi ANIME pada aplikasi ini,5,indonesian
Sangat Bagus Aplikasi Disney+Hotstar,5,indonesian
Good aplikasi â¤ï¸,5,unclear
"Overall ya puas sih, banyak film&kartun lama yang ada disana, berharap supaya ada fitur supaya download bisa ke kartu SD, soalnya penyimpanan saya ga besar",4,indonesian
Aplikasinya jelek terus gak bisa di buat tonton kebanyakan iklan udah ngelek lagi ğŸ˜”,1,indonesian
cinta banget sama disneyğŸ¥°,5,indonesian
Black screen.,1,unclear
Nggak sesuai harapan,1,unclear
Developer klo bisa tolong masukan film the doll ya ğŸ‘ğŸ»ğŸ‘ğŸ»,5,mixed
Udah beberapa kali mau minta kode sms gak masuk2 udh d coba berhari2 gak bisa. Kenapa ya? Emosi kadang,1,unclear
"Disney ini memang Bagus, mudah, cepat, nga ribet. Nga kaya yg sebelah klo mau login aja nga bisa..",5,indonesian
suka aja,5,indonesian
"Update episode nya makin gak jelas , sorry 2 bintang",2,indonesian
"Kok Gak bisa ya pakek pulsa, padahal pulsa saya sudah cukup. Tapi selalu Gak bisa, katanya pulsanya ""gak cukup"" padahal lebih woy!",1,indonesian
"Ini gmn ya?aku Mau berlangganan ,dan pembayaran nya pake pulsa,aku ambil yg perbulan bayarnya 39rb nah pulsa aku tu ada 42rb pas mau bayar eh katanya pulsa tidak mencukupi padahal pulsa aku berlebih lho trs ini gmn solusinya? Tolong ya developernya diperbaiki dan secepatnya!!!ppls bgt nih",1,indonesian
Gak bisa download mulu padahal sudah langganan gmna sih kemarinÂ² bagus tapi sekarang jadi gini nyesel langganan,1,indonesian
"Aplikasi nya sungguh bagus,tapi untuk harganya agak mahal bagi remaja yg belum kerja..",3,indonesian
buffering teross,1,unclear
Seru cuk,5,unclear
"Halo admin, sy ingin memberi saran untuk menambahkan kategori berdasarkan tahun. Soalnya sy pengen nonton film marvel tp sy gak tau harus mulai dari mana dulu. Saya berharap di update selanjutnya ğŸ™",5,indonesian
Apk idiot...ga bisa loding,1,indonesian
Ok,1,unclear
Setelah update malah gak bs buka aplikasi,1,unclear
Masih bisa kah langganan nya pakai Telkomsel soalnya aku mau ganti kartu Telkomsel,5,indonesian
Ada konten sjw,1,indonesian
Belum nonton dh disuruh bayar,1,unclear
Masukin film fast furious min,5,unclear
Kenapa akun saya jadi black screen padahal koneksinya bagus,1,indonesian
Bgus,5,unclear
tambah filem india nyah dong audio indo husus nyah.,5,unclear
Kapok.. Nhga bisa diputer .. Cm lancar seminggu doang.. Padahal muter trailer lancar banget... Yg sudah di download pun ttp loading.. Parah banget dag,1,indonesian
Kenapa saat mengirimkan kode verifikasi lewat pesan terdapat delay yang sangat lama Tolong diperbaiki lg bugnya,3,indonesian
"ditingkatin lagi ya,bugnya masih ada gtu tapi filmnya udah bagus2 kokğŸ‘",3,indonesian
"Sebelum update terbaru masih bisa nonton, tp setelah update terbaru kok disuruh berlanganan lagi..padahal saya sudah berlangganan bundling paket dari telkomsel",2,indonesian
Mau login gak bisa,2,indonesian
Ok,4,unclear
Uninstal stlh tidak bisa lg pakai nonton streaming telkomsel,1,indonesian
"Kenapa kalo film belum beres pas mau di tonton lagi malah gabisa di tonton, sangat kecewa dengan disney+ Hotstar, aplikasi sislan",1,indonesian
"Untuk Disney, Mengapa aplikasi eror dan bahkan tidak ada solusi Saya begitu mengandalkan disney untuk setiap tontonan menarik, aplikasi mudah dipahami dan biaya berlangganan yang terjangkau Disney tolong beri solusi, jikalau tidak bisa mungkin saya bisa mengakhiri masa berlangganan saya",2,indonesian
Sudah lancar lagi,4,indonesian
Kok eror ya kak? Dari kemarin tidak bisa untuk menonton. Padahal habis masa langganannya masih januari 2023. Ada apa ya kak?,3,indonesian
dh berlangganan malah black screen,1,unclear
Baguss,5,unclear
iniiiiiii kenapaaaa gaaaaa bisaaaaa diiiiii playyyyyy yaaa loadingggggg terusssss padahallll sinyaaaall bagussss!!!!!!!!!!!!!! kontollllllllll percuuumaaaa guaaaaaaa bayaarrrrrrr ngentottttttt!!!!!!!!!!!!!!,1,unclear
"Film nya itu2 aja film lama, rugi min udah bayar filmnya itu doank",1,indonesian
"Streamingnya bagus, biaya lebih terjangkau, daftar di perangkat manapun bisa, sekali pembayaran bisa terhubung ke semua perangkat tnpa ad paket pilihan,cukup hanya log in saja, kurangnya pilihan utk profil blum ad misal satu apk buat beberapa profil untuk anak n dewasa jadi bisa dipisah kayak netflix n untuk dewasa bisa dikunci diberi password tapi selebihnya bagus aj, oya disney Indonesia utk film yang mengarah ke lgbt lebih baik dihapus saja atau tidak usah ditayangkan..",5,indonesian
"Untuk saat ini, Disney lebih baik dari pada aplikasi streaming lainnya dan jarang terkendala",5,indonesian
patah patah kayak 15fps,1,unclear
Empettttttt taeeeee,1,unclear
"Saya sudah berlangganan dengan Telkomsel, tetapi tetap tidak dapat mengakses aplikasi dan menyuruh untuk berlangganan, saya sudah mengirim email tetapi tidak di respon",4,indonesian
Sering gak bisa di putar filmnya... Hadeh parah polll,2,indonesian
Gak bisa di buka!! Perbaiki dengan benar,1,indonesian
"Ada indikasi LGBT nya , saat antar anak ayam ke rumahnya , masa bapak n bapak , D serial TOTS season 02 eps 15",1,indonesian
Mau daftar aja susah aplikasi apa ini,1,indonesian
Ok...,5,unclear
"Sudah Langganan tetapi saat aplikasi saya hapus dan ingin login kembali tidak bisa, karena otp tidak kunjung saya terima",1,indonesian
"Filmya bagus, harganya lebih murah daripada sebelah, Beli Paket yg 1th, sebulan make lancar, giliran bulan ke dua pas di buka aplikasinya tau2 ada notif ""Anda menggunakan VPN"" Lah kocak, padahal punya VPN juga enggak,apalagi make VPN, sampe sekarang nggak bisa dibuka, gajelas banget.",1,indonesian
Pakai Disney sudah 2 tahun tapi ini ada apa malah suru bayar lgi. Kirain cuma sekali bayarnya,1,indonesian
"Error pl 1001 gak bisa muter film, padahal udah berlangganan, sia2 uang gue",1,indonesian
"Sejak update , video tidak bisa diputar sama sekali di S6 tab , di hp bisa putar , sudah infokan semua hal yg diminta cs disney bernama putri namun tidak ada balasan atau solusi . Biasanya nonton lancar di tab S6",2,indonesian
"Video qualitynya gak berfungsi, udah atur ke kualitas tinggi tetep burem banget",2,indonesian
Movie action,5,unclear
amphibia 4 episode lagi lama banget updatenya padahal udah tamat,5,unclear
"Cara Telkomsel meraih keuntungan yaa dengan nipu. Udah beli kuota multimedia tapi tetap gabisa di pake, yg kepake malah kuota utama. Setelah kuota utama habis udah gitu aja gabisa nonton lagi, terus kuota multimedia nya buat apa? ğŸ™‚ğŸ™‚",1,indonesian
Dri kemarin ga ada spiderman no way home..,3,indonesian
"while watching the resolution often changes to low, please fix it",1,english
Saya tidak dapat memasuki aplikasi dan loading yang sangat lama dengan jaringan internet yang lancar,2,indonesian
Oke,5,unclear
"Burik, dibuka keluarnya UPSS...matamu",1,unclear
Kenapa gabisa login ke tv ya?,1,indonesian
Bagus banget aku suka,5,unclear
Harus di tambahin fitur buat masuk code ke tv biar kayak apk sebelah,5,indonesian
Keren,5,unclear
Ok,5,unclear
"Udah langganan malah bug, ga bisa nonton.. Kyk nipuu aja",1,indonesian
"Kadang error, kadang buat hp ngeframe , kadang loading doang lama, hadehhhh",1,unclear
"Fitur nya sangat sedikit sesimpel ngasih judul film di beranda aja nggak ada, mengunduh di kartu eksternal juga nggak ada",1,indonesian
"Kalau ga niat buat apk, please hapus aja. Bikin rusak HP, gimana developerny ini?!?!? Rusak parahh,, HP gw blank 1 jam satğŸ˜•",1,indonesian
kenapa saya tidak bisa login ke tv android box,2,indonesian
Coba subtitle nya dibawah semua. Jangan atas bawah bikin sakit mata,2,indonesian
Tolong diperbaiki setingan full screen untuk tablet,1,indonesian
Baguss... aplikasi legal yang lengkap film Marvel,5,indonesian
"Aplikasinya kok jadi gini sih, biasanya aman2 aja selama make. Tampilan home jadi chanel2 india trus Tolong segera diperbaiki ğŸ™",2,indonesian
Aplikasi ni sangat bagus,5,indonesian
Banyak bug video ga bisa diputar loading mulu padahal jaringan bagus,2,indonesian
Terlalu banyak serial LGBT..,2,unclear
S3ngaja saya kasih bintang 1,1,indonesian
Saya tidak suka. Dikerenakan tidak ada film perang.saya suka film perang perangan namun ini kurang lengkap:F,2,indonesian
aplikasinya bagus tapi sayang film kartunnya kurang lengkap,3,unclear
"Sekarang lebih buruk,sya berhenti lngganan saja",1,unclear
"Pemotongan tanpa diberitahukan, aplikasi sialan",1,unclear
kok gabisa dibuka ya? pasti ada kesalahan trs padahal udh tak uninstall trs download lg tp ttp gabisa dibuka,3,indonesian
"Uninstall aja aplikasi tidak berguna, rugi kuota download nih aplikasi. Mau login susah. Giliran dah login malah gak bisa diputar filmnya. Dulu bagus sekarang jeleknya minta ampun nih aplikasi.",1,indonesian
"Black screen saat streaming film, masalah sepertiny ada pada apk ny",2,indonesian
"Mengecewakan,mau login ke tv aja harus ke web dah gitu kalau pake hp android ga bakal muncul buat masukin kode ke tv nya ,Masa iya harus pake hp ip/laptop atau PC dulu , MENGECEWAKAN.",2,indonesian
Mantab,5,unclear
Uda seminggu ga bisa diputer. Apa apan ini aplikasi segini pake fold Masi aj bug,1,indonesian
Aplikasi error tidak bisa berlangganan,1,indonesian
mau nonton vidio offline malah loading terus hahahah,1,unclear
Mantappppppp.. terbaik pokoknya,5,unclear
Padahal filmnya bagus2 tapi pas mau payment ngga bisa muluu,4,indonesian
"Saya udah langganan 1 tahun baru mau dipakai dsruh langganan lagi, aplikasi menguras uang ajah, saldo gue terpotong 199.000 tapi aplikasi nggak mau kepakaiğŸ‘",1,indonesian
Hooh,4,unclear
Kenapa sih baru setengah nontn langsung bug black screnn ga guna dasar,1,unclear
Keren bisa nonton apa aja tapi sayang gak bisa nonton Harry Potter yaudah lah yang penting seruuğŸ˜ƒğŸ˜ƒğŸ˜ƒ pakek kartu kredit bayarnya yağŸ‘ğŸ‘,3,indonesian
Sia sia isi shope pay sama pulsa buat langganan tp malah gak bisa,1,indonesian
mantap,5,unclear
Aplikasi nya jelek banget film2 yang sudah di download tidak bisa diputar lagi. Minta tolong diperbaiki,1,indonesian
"Kenapa ga bisa login, gangguan terus",1,indonesian
"KESEL BANGET PADAHAL APK NYA UDH DI HAPUS, TAPI MALAH KE POTONG OTOMATIS LANGGANAN NYA.",1,indonesian
WWE raw ğŸ™ğŸ˜¥,5,unclear
Minta kode OTP berasa lagi ngemis. Udah submit berkali kali tetep gak dikirim.,1,unclear
Sons of Anarchy S1 E2 kenapa Error Kode [ERR_PB_1413] Kocak!!! Ok Udh Ter.Atasi MANTAB bintang6,5,unclear
"Woi film Titanic kenapa dihapus anjeng!!! Percuma gue langganan, nyesel banget setan Apk sampah! Tau gini mending langganan netflix",1,unclear
"Rugi bgt udh keluar duit 39k tapi kaga bisa nnton, malah muter2 mulu film nya kaga jalan. Coba film apapun sama aja cuma muter doang.. tapi kalo trailer nya doang semua film bisa di tonton, sedangkan film nya gak ada yg bisa.. kalo trailer nya aja bisa di tonton lancar kaga mungkin masalah nya ada di kuota atau sinyal.. Rugi bgt bayar mahal cuma buat nnton trailer film.. kalo cuma trailer mah di YouTube juga bisa gratis sepuasnya",1,indonesian
Makin jelek gabisa di buka filmnya,2,indonesian
tolong perbaiki aplikasinya suka buffering padahal sinyal baik baik saja,3,unclear
"Di handphone saya selalu gak bisa Terjadi masalah DRM, sudah hubungi melalui email tetapi responnya lambat",1,indonesian
"aplikasi yang sangat jelek, drama belum di download tapi muncul tulisan sudah di download, sangat payah",1,indonesian
"Pake 2 tahun pake Disney hoster . Puas tapi saran tambah hin filamnya ,kan sy uda nonton semuanya aplikasi Disney hotstar Smart TV",5,indonesian
"Kenapa menu subtitle film bahasa Indonesia hasil download film offline menghilang..? padahal jika di tonton online subtitle bahasa Indonesia tersedia..! Ini sangat merugikan pengguna, sudah susah payah mengunduh ,malah subtitle bahasa indonesia di tiadakan,apa iya harus hapus hasil download untuk menikmati film bersubtitel bahasa Indonesia,nah gak etis kan?? Mohon di koreksi bila saya salah..!!",3,indonesian
Bangsaatt sudah didonload malah tidak bisa di tonton,1,indonesian
Min Lalod..,3,unclear
"Masih berlangganan 1 bulan tapi buat nonton sudah gak bisa ?? Tolong tingkatkan lagi , rugi kalo kaya gini",2,indonesian
"Lumayan menghibur sih, tp untuk pencarian susah banget nemuin yg pengen di tontonğŸ¥²",3,indonesian
Knapa harus berlanggan saya tidak. Punya uang buat beranggapan Tolong jangan berlanggan,4,indonesian
Stuck loading apk jelek,1,unclear
",N",2,unclear
"Tidak dapat memasukam kode otp nyesel ,,bantuin dong gimana caranya bisa streaming lagi di tv udah bayar mahal.",1,indonesian
Kasih 3 bintang dl ya. Film2 nya di perbanyak dan di perbaharui..,3,indonesian
Ok,5,unclear
"Kok gak bisa masuk ke home ya? Sebelum2nya aman, tp skrg gk bisa nonton sama sekali, baik di hp maupun Google TV, pdhl masih member 1 tahun. Perbaiki donk, ney!",4,indonesian
"Playback selalu mengalami Framedrop, sehingga mengurangi pengalaman menonton lewat aplikasi. Ditambah resolusi pemutaran yang tidak konsisten, tetap pada resolusi terendah jika diatur pada resolusi tertinggi.",2,indonesian
Ini bisa pembayaran melalui pulsa gak sih untuk 1 tahun langganan? Ini saya nyoba yg 1 bulan bisa saya coba untuk 1 tahun gak bisa2 gagal terus Tolong diperbaiki dong sistem nya,3,indonesian
"Setelah di update malah jadi gak bisa di pake aplikasi nya force close mulu, percuma berlangganan gak bisa di pake, tolong di perbaiki ya aplikasi nya. Makasih",2,indonesian
"Tambahin dan Update Anime-nya donk, pasti banyak yg mau lenganan... Drakornya udah OK. Cuma kurang Jepangnya",4,indonesian
Alasan gatau,5,unclear
"Kenapa yaa baru pertama nonton kayak bug gitu, frezz patah patah gitu padahal hp saya Iphone 12",1,indonesian
Semua nyaa berbayar ğŸ‘ğŸ‘ğŸ‘ğŸ‘ğŸ‘,1,unclear
"Kenapa gak bisa langganan perbulan, selalu dialihkan untuk berlangganan 1 tahun. Tolong perbaiki!",2,indonesian
"Film pets,how to train your dragon..kok gak ada lagi..",1,indonesian
Kenapa suka blank kadang close sendiri,1,unclear
Makasih disney+Hotstar sudah bagus sekarang kasih bintang 5,5,indonesian
"Update film lama, film gak menarik",2,unclear
suka bgt revengev of others semoga aja ad s2,5,indonesian
"Sangat membantu,, pertahankan..",3,indonesian
"Aplikasinya mental, buka film malah tutup aplikasi. Ada apa ini?",3,indonesian
Lengkapin lagi film nya the mummy gak ada.,1,mixed
Gila jan pake langganan lah gw nggak punya uang sdng kan gw mau nonton venom dll tolong ya lepas langganan ny supaya saya sering nonton di hp,5,indonesian
saya sih s belum coba tapi mungkin cukup bagusğŸ˜ğŸ‘,5,indonesian
Tidak bisa langganan metode pembayaran apapun selalu kena error 100000,1,indonesian
sepiprayitnocirebon,1,unclear
"Film udah di download tapi gak bisa di tonton padahal masih berlangganan, giliran nonton film yang gak di download lancar anehhhh",2,indonesian
Selalu black screen setelah saya menekan kualitas vidio tinggi,2,indonesian
Bukannya udh bundling dgn paket telkomsel ya.kenapa skrg di suruh bayar lagi,1,indonesian
Bagus murah tapi sepertinya disney lama memberikan lanjutan episode untuk series kartun lama sekali dan terkandang apk nya no respon baik di hp maupun d laptop tapi secara keseluruhan bagus,4,indonesian
Saya isi pulsa dan menghapus disney agar tidak berlangganan lagi tapi kenapa selang beberapa jam muncul notif saya membeli disney dan sya cek plsa sdh terpotong dn berlangganan. Bgaimana?,2,indonesian
"Sering bgt buat play film selalu loading,, padahal internet bagus.. Aplikasi udh saya restart tetep aja gk ada perubahan.. Percuma langganan klo buat nonton tidak bisa",1,indonesian
Ada film baru ga y,5,indonesian
"saya padahal sudah berlangganan hampir satu tahun , kenapa akhirÂ² ini saya ingin nonton film ga bisa di play. Padahal untuk di buat nonton triler film nya bisa, tapi waktu mau di play film nya gabisa selalu ada tulisan error",1,indonesian
"Ini gimana sih, saya udah beli paket lewat my telkomsel tp pas mau nonton malah suruh bayar paket lg, yg bener aja dong",2,indonesian
Keren,5,unclear
Sudah beberapa kali di coba tidak bisa konek ke tv.ada kode di tv tapi pas mau di masukin ke hp ga ada untuk masukin kode yg di tv,2,indonesian
"Saya ingin mencoba masuk dan berlangganan, tetapi tidak pernah mendapatkan SMS masuk untuk kode akses. Mohon di perbaiki sistemnya.",2,indonesian
"Please make option if we sleep when watching dont recomment another movie, just close the app so no drain batterai..",5,english
Cara berhenti langganan gmna ya?dicariÂ² kok gk bsa..help!!ğŸ™,4,unclear
"Kemaren maksimal 5 film bisa di download, sekarang malah cuma 3. Aneh segala dibatasi padahal download pakai kuota sendiri. Ngehe lah ni aplikasi",2,indonesian
Minta petunjuk Cara merubah ukuran font subtitles,5,unclear
"Cuma bagus di awal, setelah 1 bulan pemakaian film tidak bisa diputar, padahal sudah berlangganan lewat IndiHome. Tolong perbaiki aplikasi nya, kita sudah, berlangganan tapi aplikasi tidak bisa digunakan, sering gangguan, disarankan jangan langganan Disney, mending Netflix",1,indonesian
"bagus banget cuma kurang lengkap aja, aku harap kalian bisa lebih memperbanyak film dan series nya juga kartunnya",5,indonesian
Ini hari ini lagi gangguan kak?kok GK bisa masuk aplikasi...tdi pagi masih bisa....,1,indonesian
Seru,5,unclear
Tolong untuk lokasi pengunduhan bisa di pindahkan ke kartu eksternal,3,indonesian
Bnyakin drakor,5,unclear
Sekarang sering banged error kode PL-1001,3,unclear
"Buffering terus, lemot...sudah banyak yang komen dan ngasih bintang 1 tapi belum ada solusinya. Tarohan nie komen cuman numpang lewat doank gak bakalan direspon.",1,indonesian
Chanel keluarga,4,unclear
"Kenapa deh Tiap pindah lokasi pasti ga mau kebuka nih aplikasi Bisa dipake cuma di kost doank, giliran ke tempat kerja atau ke tempat lain selalu ada notifikasi ""something went wrong, please try again"" Udah dibuka ulang2 tetep aja ga bisa kebuka ğŸ–•ğŸ¼",1,indonesian
Amien,5,unclear
saya tidak Bisa menonton video dan selalu di arahkan untuk membeli paket padahal paket internet saya termasuk paket disney,3,indonesian
thor love and thunder selalu eror. udah download offline pun tetep gabisa diplay.,1,english
"Banyak bug, ngblur lh, skip lama lh, suara kecil lh. Percuma langganan",1,unclear
Mungkin bisa ditambahkan film/serial detektif Conan,5,indonesian
Jelek kali harus bayar kalo bayar bilang,1,indonesian
ini Disney+ kenapa ya setiap saya masuk menggunakan wifi selalu tidak bisa tulisannya terjadi masalah tetapi ketika saya coba menggunakan data seluler bisa tetapi dengan wifi tidak bisa saya tidak mengerti ini kenapa tolong segera diperbaiki ğŸ™ğŸ»,2,indonesian
Gk ada fitur naikin speed,5,indonesian
Kenapa audio dan gambarnya tidak muncul saat diklik videonya? Layarnya hitam dan hanya ada subtitle saja.,2,indonesian
"baru pertama kali coba langganan disney, awalnya tertarik karena banyak series dan film yang bagus2 di sini. tapi ngeselin banget tiap nonton selalu ngebug, ngefreeze, dan parahnya lagi subtitle suka delay dan ilang2an! tau gini sih mending gak usah langganan, nyari yg ilegal juga banyak dan pengalaman nonton nya lebih baik dibanding di disney. nyesel saya",1,indonesian
"Film dan series nya menarik tapi fitur-fitur nya kurang lengkap seperti menyimpan unduhan ke kartu SD dan sesimpel memberi judul film/series aja nggak ada, nyesel langganan disney tau gitu mending ke web ilegal ato nggak ke aplikasi sebelah kalo kek gini",1,indonesian
Ga bisa nyambung ke wifi internet selalu ga connect,2,indonesian
"kenapa sekarang susah sekali di akses , padahal sudah berlanggan melalui telkomsel maxstream.. tolong di permudah padahal sudah login menggunakan nomor yang terdaftar paket nonton..",4,indonesian
"Hadeh di update malah bug, gabisa play film. Dah berlangganan gini hadeh",1,indonesian
Kalo Film nya Gratis gapapa...kenapa semuanya harus bayar? Aku gak suka aplikasi ini dasar bodoh!,1,indonesian
Apakah ada gangguan sekarang tanggal 8,5,indonesian
"Tiba tiba streming ngefreze, sudah didownload tetep aja ga bisa muter filmnya.",2,indonesian
"Udh jadi langganan sih, bagus dan keren banget",5,indonesian
Bro thor love and thunder gada suaranya sih,2,english
Seneng banget akhirnya disney mulai menampilkan animeğŸ˜kebetulan aku lagi suka animeğŸ˜request anime Kuroshitsuji / black butler. Ya..,4,unclear
"Sudah setting ke kualitas tinggi, tetap aja kualitasnya kayak film bajakan bikin mata sakit, btw saya pake redmi note 8 pro",1,indonesian
"tolong diperbaiki ,saya download film tapi film tidak dapat diputar ,cmn muter2 doang ,pdahal sbelumbya oke2 aja",2,indonesian
Kenapa engga bisa putar film/drama di Disney pakai kuota maxstream?padahal di keterangan bisa di pakai buat Disney ??,5,indonesian
Film nya sedikit yah,3,indonesian
Mantappp,5,unclear
Film nya bagus dan sangat bagus sekali aplikasinya tapi aku kasih info dlu Itu film need for speed nya ilang saya itu jarang pakai aplikasinya nah bulan September saya buka aplikasinya nah saya mau cari film need for speed trs saya cari trs kok gk ada??? Bisa dikembalikan film nya agar fans need for speed tidak kecewa itu aja info nya ğŸ™ğŸ™ğŸ™ğŸ™‚,5,indonesian
"Sepertinya ada bug. Setiap habis nge pause videonya, pas mau di play lagi selalu gagal. Loading terus dan endingnya suruh restart hp. Jadi kalo mau lanjut video harus restart hp dulu. Kaya gitu di hp honor 8x.",2,indonesian
Jojo ocean stone apa ndk rilis di disney plus kk,4,indonesian
Saya donload duluğŸ˜Š,3,indonesian
"YANG BENER LAH MIN, MASA RESOLUSINYA BERUBAH"" SENDIRI . BIKIN SAKIT MATA",2,indonesian
Bagus tapi aplikasi N****** lebih bagus,3,unclear
Nyebelin udh beli paket giganet kok masih ga bisa di buka,2,indonesian
Parah nih saya sudah daftar dan kesedot saldonya tp kok gagal.,1,indonesian
Aplikasi buka disney+ Hotstar segera di tahun 2023,5,indonesian
0 star... Aplikasi rusak tidak bisa digunakan untuk menonton film...,1,indonesian
"Masa harus bayar dulu si baru bisa nonton,katanya dalam sosmed ini gratis ko bisa bayar tiba2 saya tidak terima",1,indonesian
"Sumpah aplikasi ga berguna banget, mau streaming apaÂ² harus langganan terus gak kayak aplikasi streaming yg lainğŸ˜¤",1,unclear
Bagus apk nya,5,indonesian
Yang bug atau keluar sendiri. Yahh coba ganti hp. Jangan pake hp ram 2GB.,5,indonesian
Banyak bug,2,unclear
"bamsat lo disney, gua udh keluarin duit mehong2 tapi kgk bisa dibuka",1,indonesian
"Kenapa disney tiba2 ga bisa streaming yaaa, Padahal syg langganan nya sia2 ga bsa buat streaming. Tlg diprrbaiki",4,indonesian
Lelet,1,unclear
"Pada sebagian paket internet kartu ada paket tertera termasuk layanan Disney+hotstar tapi kenapa tdak bisa nonton dan harus berlangganan ulang,( tdak nglink langsung)",5,indonesian
"Selalu nonton di hp/ android tv.. dan ternyata kmrn baru upgrade tv yg smart tv dan ternyata udh ada untuk smart 5v, tpi kok ya ngeselin, di tonton sering ngefreezzz, pas lg nonton seru2 eh ngefreez.",2,indonesian
Kok sekarang gak bisa muter film ya malah black screen terus,3,indonesian
Baru juga download knp g bisa di buka aplikasinya gmn nih min ğŸ˜’,2,indonesian
Kurang menarik nonton harus berlangganan dulu baru bisa nontok mendik nggak usah download ini apk,1,indonesian
"Cabut bintang 5 kemarin, Film dalam negeri benar Â² sedikit , lebih baik inflix",2,indonesian
Ini dinsey ada apa sih...bukan nya makin bagus...sekarang makin parah...signal lgi bagus2nya...tapi nonton selalu terganggu...seolah2 sinyal lagi gak bagus.Tolong di perbanyaklah drama terbaru jadi gak sia2 kalo berlangganan kaya aplikasi sebelah....terus drama thailand yg cuman ada di disney thailand please lah disney indo juga bisa.,2,indonesian
"berniat nambahin banyak menu ga saat nonton? misal, menu kecepatan video, nambahin cc atau subtitle menu opsi kualitas video yang ditonton",3,indonesian
Apakah cuma hpku yg buat nonton di aplikasi ini jadi hank/freeze kemudian restart?padahal nonton video di aplikasi lain gak ada masalah(semisal youtube),2,indonesian
"film, drama nya keren2",5,indonesian
"Bulan pertama langganan baru sekali nonton setelah itu erorr gabisa dibuka jadi uda gapernah buka lagi dan bulan kedua tiba2 saldo shopeepay berkurang ternyata disedot pihak disney buat langganan lagi tapi tetep gak bisa dibuka, tolong balikin saldo saya aja",1,indonesian
Okee.. kadang ngebug tapi so far ok,2,unclear
Mau daftar yg bulanan g d bolehin harus tahunan,1,unclear
"Bagus filem"" nya",4,indonesian
Woiiii...... Kita langanan pakek uang ya! Tolong donk 1 film punbgk bisa di putar!!!!!,1,indonesian
"Sekedar saran, kalau mau log in pastikan ga selalu pakai kode sms. Kalau bisa melalui email atau WhatsApp. Karena kalau nunggu sms masuk lama. Terimakasih",4,indonesian
Mantaplah...,5,unclear
Kenapa ya kok subtitlenya kecil betul gabisa diperbesar kah ??,4,unclear
BAGUSSS,5,unclear
I like the old one,1,english
"aplikasi yg lumayan bagus, akan tetapi cuman sedikit filmnya, saya harap bisa bekerja sama dengan DC",5,indonesian
"Drama mistresses yg sedang saya tonton tiba-tiba sudah tidak ada lg di disney+ hotstar, tolong di munculkan lagi. Saya langganan krn nonton drama itu. ğŸ˜¡ğŸ¤¬",1,indonesian
Bagus harga murah sekali ğŸ˜‚ğŸ˜ğŸ˜,5,unclear
Berilah opsional supaya terhubung dng disney negara lain supaya videonya banyak pilihan...... kalo videonya cuma terbatas itu itu saja sedangkan bayarannya bulanan,3,indonesian
Tidak bisa lanhganan,1,indonesian
terjangkau harganya,5,unclear
"Bego apknya udh langganan 1 tahun, pindah hp malah ngga bisa di tonton",1,indonesian
Menyenangkan!!!,5,unclear
Laporin kendala dan lgsg bisa,5,indonesian
"When i link it into my tv, it will drop the resolution even i change it into high quality but it doesn't work and no different, with another quality (low and mid) can it be fix or anyone else that can help resolve my problem? Thanks",5,english
Mau berlangganan 1 bulan engga bisa bayar hadehh parah,1,indonesian
Aplikasi yang sangat bagussssâ­â­â­â­â­â­â­,5,indonesian
Mantap,5,unclear
"Baru download dan daftar, tapi kualitas gambar kayak patahÂ². Tolong diperbaiki.",2,indonesian
Mantab,5,unclear
"Streaming tanpa buffer , cukup lancar , untuk film film cukup bagus dan selalu up date",5,indonesian
Apk. Tidak bisa di akses,2,indonesian
"Jaringan bagus, namun videonya tetap render... Buka YouTube lancarÂ² saja, tolong tingkatkan lagi servernya. Tadinya Saya kasih bintang 2. Sekarang 1.",1,indonesian
"Kenapa kalo di pake nonton video nya patah patah gitu? Walaupun sudah di download tetap patah patah , bikin sakit kepala nonton nya , patah patah kaya nonton video di jeda jeda terus , parah , tolong di perbaiki",3,indonesian
Membosankan... Film terbaru lama update!,1,unclear
"Gw ga pernah ngerasa ikut berlangganan tiba tiba pulsa terpotong, ga ikhlas.. penipu",1,unclear
kenapa video incredibles 2 gua gabisa di puter? terima kasih,1,indonesian
"Saya sudah berlangganan untuk satu tahun, dan baru jalan 2 bulan, tiba2 status berlanggan saya hilang dan harus berlangganan lagi, kecewa sekali, kenapa harus curang gitu sih",1,indonesian
Aplikasi apa ini? Dipencarian kok ga ada Radha Krishna buang2 uang aja percuma berlangganan,1,indonesian
Sering banget tidak bisa open aplikasi,3,indonesian
Tolong ini knp bisa bug ? Padalah sudah beli Kouta Telkomsel+ pelanggan Disney hotstar tapi pas masuk sudah login menggunakan akun sendiri tidak ada pelanggan Disney hotstar? Padalah sudah beli 45k kenapa harus bug ini pengalaman pertama saya sangat buruk dan merugikan saya sendiri semoga orang lain tidak mengalami seperti saya !,2,indonesian
makin hari makin ga jelas.. ga bisa diputer pdhal udh berlangganan,1,indonesian
Resolusi mengecewakan,5,unclear
Aplikasinya bagus tapi kenapa film Titanic di hilangkan?,5,indonesian
Payah nih Tiba tiba ga bisa di buka Udah bayar paket 1 tahun baru nikmatin 2 bulan udah ga bisa di pake,1,indonesian
Kaya apa ini ganti akun emailnya ..mau pembayaran kok bukan email saya sendiri yang dikaitkan,1,indonesian
"Saya Baru Mengunduh Aplikasi Ini Karena Saya SangatÂ² Menyukai Semua Hal Tentang Disney Salah Satunya Cartoon Disney Dan Ternyata Disini Semuanya Malahan Paket Komplit Dari Cartoon Disney Old Sampai Yang New Bahkan Dari Pixar Pun Ada, Semuanya Ada Hanya Dalam Satu Aplikasi Bahkan FilmÂ²nya Pun Dari Semua Genre Ada Begitupun Drakornya, BenarÂ² Sangat Memuaskan MANA LAGI SEKARANG BISA SAYA MEMILIH MAU PAKE DUBBING INDONESIA, BENARÂ² DIMANJAKAN PADA SAAT MENONTON POKOKNYA THE BEST",5,indonesian
"Udah beberapa hari terakhir gak bisa nonton loading doang gak muncul filmnya, tolong dong diperbaiki hotstar. Anjir lah makin parah aja nih apps gak bisa nonton gw loading nya lama",2,indonesian
Begini ya min. Aku mau kasih bintang penuh kalau konten Radha Krishna dilanjutkan dari eps 65 yang ada di hotstar sampai season 6 ya. Padahal saya berharap dilanjutin malah dihapus. Gimana sih. Kenapa serial drama India banyak yang dihapus. Kok gak seperti dulu lagi sih. Yang seharusnya di perbaiki dan dilanjutin yang sudah ada malah di hapus. Haduh min. Saya hanya kecewa sama Hotstar bukan Disney nya.,1,indonesian
Tambahin chainsaw man dong,5,unclear
Tap,5,unclear
"Kenapa Disney hotstar di tivi saya gak bisa lg menayangkan film ya, tadi aman2 saja, tp sejak kemarin malam bermasalah. Kalo di HP gak ada masalah, lancar",2,indonesian
"Makin hari makin jelek Disney, pas nonton layar tiba tiba gk jelas kek ngecrash warna hijau hijau kayak tinta bocor, padahal masih oke aja pas nonton di laptop, eh pas pindah ke laptop beberapa hari ini, malah gk bisa login padahal udh bener semua login nya, malah keluar nya Disney India, kan breenegsek, ini udh lama loh, udh pusing mikirin nya, mana udh Bayat setahun, sialan lah",1,indonesian
"Tolong untuk film dan serial indanya lebih banyak lagi, dulu kan hotstar itu cuma india aja",3,indonesian
Males banget skrg gabisa di mirroring ke tv lagi,2,indonesian
"Harus berlangganan tidak kayak dulu beli kouta Telkomsel,bisa dapat kouta 6GB untuk nonton disney+",1,indonesian
"Bagus, film dan dramanya juga banyak. Sayang sering buffering. Pdhal jaringan lancar",3,indonesian
"Kash bintang 3 dulu,,kalo lancar dan tidak ada kendala baru dirubah lagi",3,indonesian
"Cinta banget sama aplikasi ini, harga ramah banget bisa buka di hp, laptop, tv tanpa biaya tambahan kayak sebelah.. Marvel si yg paling diincar sama kartun Disney.. terimakasih banyak",5,indonesian
pendoo bet,5,unclear
"Hey anda ya anda, saya mau login knp kode otp tidak ada hey hey",3,indonesian
Tolong tim defeloper masa aku sd ada paket St BLN suda terdaftar ko pas mau nonton minta berlangganan gi mana nie,2,indonesian
Ini ngapa aplikasinya selalu cobalah beberapa saat lagi...padahal perpanjang otomatis malah ga bisa di gunain...udh 2 minggu ga masuk aplikasi tiba tiba perpanjang malah kena zonk aplikasi ga bisa di buka,1,indonesian
"Kecewa banget sumpah. Udah 2x ini eror mulu, kesalahan memutar konten ini karena masalah DRM. Silahkan coba lagi (PL-1206) Udh coba unisntal, trs pasang ulang, hapus cache, log out. Ttp aja hasilnya sama. Udh email juga tpi tidak memberikan solusi yg signifikan. Dahlah capek, berhenti langganan dan unsinstal permanen. Bye !",1,indonesian
Kok Kartu/animasi amphibia cuma sampai episode 14 doang? Kapan update?,2,unclear
"kadang-kadang videonya patah"", pdhal video sdh di download dan hp dalam keadaan stabil. tp terasa sangat lag",2,indonesian
Gimana sih di tungguin kode otpnya gak muncul2..,1,indonesian
Loading nya lama ga bisa di bukaaaaa!!,1,indonesian
Mantap,1,unclear
Baru berlangganan mau nonton malah Black Screen tolong lah perbaikin,1,unclear
Filem nya sedikit dan jadul semua. Membosankan,1,indonesian
Hapus aja lah makin lama bukan makin bagus malah tambah gak ada free langganan nya PARAHHHHHH,1,indonesian
tidak mengecewakan.,5,indonesian
Knp saya tidak berlangganan yaa setelah di update apknya,1,indonesian
"Tidak bisa diplay, loading terus",1,indonesian
Nambahin film elit Nambahin episode sulit,4,unclear
Ga bisa di tonton. Muter terus. Padahal jaringan bagus. Aku bayar lo ini,2,indonesian
update filmnya lama,2,unclear
Good Apk,5,unclear
Film terbaru nya kok gak ada. FiLm india juga kok sdikit banget. Perbanyak fiLm india dong & film jaduL indonesia,3,indonesian
"Film yg diputar di tv, ketika mau dilanjutkan di hp malah error dan blank hitam serta muncul popup Disney+ tidak merespon. Tidak bisa diplay.",1,indonesian
Dikembangin lagi!!,5,unclear
"Udh langganan tpi video tidak bisa diputar cmn loading aja padahal sinyal oke oke aja dan pakai wifi jga tidak bisa, tolong diperbaiki dong, sayng padahal sudah langganan tpi malah tidak bisa nonton video apapun",1,indonesian
Lama banget nunggu kode Verifikasi,1,unclear
Ini mau berlangganan masa ga bisa klik virtual buat pembayarannya . Heran,1,indonesian
Gak bisa nontong lg sambil telfon WA,1,indonesian
Muncul something wrong,1,unclear
Suga yang tidak,5,indonesian
"mau berlangganan ""BAYAR"" aja pun susah kali, berlangganan bulanan gak ada pilihan bayarnya, dialihkan ke tahunan, udah ke tahunan mau bayar gadak pilihan bayarnya ğŸ¤¦â€â™‚ï¸ğŸ–•",1,indonesian
"Tampilan nge frame atau patah-patah, kalau habis dibersihkan chace nya trus di restart hp normal lagi, tapi kadang gak ada 5 menit kembali lagi gitu",2,indonesian
"Eror hari ini ga bisa nonton, kalo udah bener baru ubah rating",5,indonesian
Sering error padahal sudah langganan,1,indonesian
Lag,2,unclear
OTP TERLALU LAMA,1,unclear
"Woiii Tolol, nge-bug mulu woiii. Streaming berbayar tp kualitas sama kek LK21. Fix unsubscript sih, SAMPAH!!",1,indonesian
Blm langanan 1bln dah ga bisa akses,1,indonesian
Setelah beli paket nenapa filmnya tidak bisa di putar. percuma kaga bisa nonton,3,indonesian
"Gak bisa mainakan video, setelah 2 bulan baik2 saja, keterangan di aplikasi ""mengalami masalah dalam pemutaran video, silahkan coba judul lain ER_PB_1413"" semua judul film lain sama aja ga bisa diputar, gimana solusinya?",2,indonesian
"Gak bisa nnton apa apa TIDAK ADA KONTEN SEMUA FILMN,ANJINK",1,indonesian
Error,2,unclear
"Rusak ,tolong benerin",1,unclear
"Kenapa stelah sya bayar untuk berlangganan, mlah film nya gk ada yg bsa di putar stupun.",2,indonesian
Kenapa err trus pas mau putar .. kemaren aman2 aja kok,3,indonesian
"Awalnya Disney+Hotstar itu bagus banget tapi kok sekarang suku nge lag dan gak bisa di tonton,kalau kayak gini rugi dong langganan Disney+Hotstar",1,indonesian
"Gatau kenapa akhir akhir ini sering bug, entah yang black screen, tbtb out app, agak mengganggu sih",2,indonesian
"Tolong donk ini saya mau nntn tp kok eror ya tulisan nya kami mengalami masalah saat memutar video ini, silakan coba mainkam judul lain [ERR_PB_1413] tolong diperbaiki",2,indonesian
Memberi hiburan,5,unclear
Kok error,4,unclear
Err pb 1413,2,unclear
Untung ada support customer yang ngebantu mantap lah disney,5,indonesian
"saran untuk yang mau berlangganan untuk menonton film dan tidak ingin mendapatkan kerugian JANGAN BERLANGGANAN aplikasi Disney+ Hotsar ini. layar gelap tapi ada subtitle dan suaranya, resolusi tiba-tiba jadi kabur padahal udah berlangganan yang Full HD(1080) mana harga berlangganan nya 50ribuan lebih lagi, terus koneksi jaringan tiba-tiba naik turun sendiri padahal paket data baru dibeli dan tidak ada masalah jaringan dalam menonton YouTube buka media sosial dll. Tolong segera diperbaiki!!!",1,indonesian
kenapa gbsa pake DANA lagi??,2,unclear
"sebelum nya aku ingin berterima kasih kepada pihak yang menyediakan aplikasi ini, karena film yang ada di aplikasi ini cukup banyak dan sangat seru di antara nya, aku cukup tertarik atas hal ini, tapi mohon untuk pihak penyedia aplikasi ini untuk memperbaiki masalah yang ada di dalam nya, tapi bagusnya masalah nya tidak terlalu banyak, aku hanya ingin memperbaiki masalah di mana saat aku ingin mengunduh film namun gagal itu tidak dapat di hapus atau diunduh ulang aku sangat kesal untuk hal itu:>",5,indonesian
terlalu sering error,1,unclear
ok,5,unclear
tidak ada gambar saat memutar film yang ingin di tontonğŸ™ğŸ™ğŸ™,2,indonesian
"sudah langganan tapi bari pakai beberapa hari, aplikasi tdk boaa digunakan... suara ada gambar hitam atau tdk ada.. trs loading trs ngk bisa keluar gambar segala cara dicoba tapi tidka bisa keluar gmbar",2,indonesian
"Ga bisa login, udh masukkan nomor yg bener tpi g bisa karna kode negara ga sesuai. padahal di situ tertulis +62. Udh ku ikutin cara yg di tertulis dari aplikasi ini tpi tetap tidak bisa sedangkan aku lihat tutorial di YT rataÂ² bisa. ini knp ya? padahal udh excited mau nonton",1,indonesian
sudah diakali berkali kali tapi kalo pake wifi rumah gk bisa giliran pake kuota bisa,1,indonesian
"bagus, layanan aplikasi film dan series yang cukup banyak pilihan.",5,indonesian
bagusss bisa di putar dan kualitas gambar nya baguss,5,indonesian
"layar hitam gelap setelah update, hanya bisa lihat terjemahan substitle",1,indonesian
"Sering sekali bermasalah, dari mulai saat streaming layar tiba-tiba hitam tetapi tetap ada suaranya, sudah pilih resolusi yang hd tetapi terkadang malah buram jelek.",2,indonesian
"aplikasi kebanyakan trouble, klo blom siap mending jangan di rilis aplikasi sampah kaya gini",1,indonesian
saya heran pakai nomor kok gak bisa pdhal itu nomor Happon Lo ko tetap gak bisa,1,indonesian
"Cuma pakai 1 perangkat, tetapi ditulis menggunakan lebih banyak perangkat. Tolong diperbaiki.",1,unclear
"baru beli kemarin, terus baru nyoba nonton hari ini. pas streaming padahal baru detik 10 streaming uda ngelag parah padahal uda pake wifi dan lancar. tolong dong diperbaiki.",1,indonesian
Aplikasi cacat nii,1,unclear
"belum juga login udah di suruh berlangganan bulananğŸ—¿ mending kalo aplikasinya kagak lag dan apa"" ke detect internetnya, bisa masuk kaga di paksa langganan iya. kocak emang",1,indonesian
Sering bermasalah layar tibaÂ² hitam dan minta di update lgi,1,indonesian
"kocak ni platform, kaga bisa stream di satu device kalau yang lain lagi streaming. kalau memang gabisa gitu, kenapa dibuat maksimal akun yang log in? padahal maunya sharing sm keluarga, malah harus gantian yang nonton.",1,indonesian
"kenapa kok kayak ribet banget yaa, mau apa2 malah di arahin ke websitenya terus, sekelas disney lho ini",1,indonesian
gajelas mau masukin nomor telpon malah gabisa padahal jaringan bagus,1,unclear
aplikasinya kenapa ya padahal saya udah login tapi disuruh mengelola akses akun lagi tapi lewat email bingung saya,2,indonesian
apl gk bisa digunakan,1,indonesian
"yappss untuk awal langganan memang perlu sabar, dan aplikasi nya membutuhkan jaringan yang kuat. Terimakasih sudah bisa kembali menikmati film. Disney+Hotstar",5,indonesian
"baru beberapa hari langganan kok aplikasinya bermasalah, mulai dari resolusi yang pilih hd kok tetep aja kurang dan burem padahal jaringannya cukup bagus, dan aku nonton hasil download kok lama dan tulisannya error, agak menyesal sih langganan, tolong di perbaiki dong :(",1,indonesian
gk bisa di putar padahal sudah di donload... yg ada cm layar hitam...rating bintang pun sudah banyak nih... 0 bintang ini mah,1,indonesian
tidak bisa daftar kan nomor telepon,5,indonesian
Ga ikhlas sumpah. bakal gw tagih di akhirat. bayar mahal2 aplikasinya error terus ga bisa nonton.,1,indonesian
Banyak bugnya ğŸ˜¢,1,unclear
Jelek banget aplikasinya,1,unclear
Disney hotstar sangat terbaikğŸ˜ğŸ¥°,5,indonesian
"aplikasi ini sering bermasalah dari pas nonton sering lag sendiri, dan tiba tiba terjadi perpanjangan otomatis tanpa pemberitahuan dan tidak bisa pembatan langganan, udh aplikasi jekel langganan sendiri lagi, cihh ambil keuntungan",1,indonesian
"Kenapa aplikasinya punya bug parah gini sih? tiba"" langsung bikin HP mati. bahaya bener",1,unclear
"Berlangganan yg 120k itu bener bener worth to buy,tapi kalau di tv kadang kadang load di awal,but its okay, ini cukup memuaskan",4,indonesian
"aplikasi rusak gak jelas, bayar mahal"" pas di tonton item semua, nyesel banget download,,,, baru 5 hari make udah error,,,, jangan download, syang duit dasar apk rusak",1,indonesian
"mahal, bagusan dan lengkapan netflix dari segi film and series, sorry disney",1,indonesian
karna banyak FilmğŸ˜,5,unclear
login susah dipakek susah cuman masalah langganan lebih gesit nih aplikasi,1,unclear
love it,5,unclear
kenapa costum subtitle tidak ada? di hp saya terlalu di atas banget.. payah bagus Netflix,1,indonesian
Filmnya sedikit dan tidak update..,1,indonesian
"knp srg keluar2,sih",1,unclear
Aplikasi nya loading terus lama,1,indonesian
tiba tiba cek out sendiri gimana ini disney,2,indonesian
woy jangan aku sisi tokrev biarkan apk lain tayangkan,2,unclear
"saldo gw balikin, udh tak batalin ttp aja berlangganan bulan depan",1,indonesian
tidak maksimal,1,indonesian
layarnya hitam ketika streaming,3,unclear
afk burik pokonya,1,unclear
mid,1,unclear
KOK GAADA SPIDERMAN,1,unclear
pengen download tapiiiii ulasaanya jelek semuaa aowkaowkakwoskw,3,unclear
"sudah beberapa hari ini aplikasi eror, tiba2 layar hitam dan cuma ada suara doang. play di tv tiba2 buffering lama padahal jaringan wifi aman2 aja... agak nyesel langganan aplikasi nya",1,indonesian
waduhh baru juga berlangganan 3 hari masa mau nonton film yang lain gak bisa malah black screen pantes ratingnya jelek,1,indonesian
tolong kebalikan uang saya dana 65.000 tidak sengaja kepencet fitur langganan tolong kebalikan uang saya sangat membutuh kan nya,5,indonesian
kenapa layarnya hitam?padahl subtitle dan time masih jalan.,1,indonesian
"jelek banget. suara ada tp gambarnya gak ada. udah bayar mahalÂ², zonk.",1,indonesian
"sudah bayar paket berlangganan padahal cuma pake di hp dan laptop tapi nggak bisa, muncul notif terlalu banyak perangkat",1,indonesian
saya uninstal,1,indonesian
"mahal mahal bayar, Ndak bisa dibuka, pakai proxy pakai vpn lah, balikin uangnya, padahal bayar langsung 1 tahun",1,indonesian
parahhhhhh...tiba2 visual cuma hitam...report lewat aplikasi juga gak ada respon,1,indonesian
"Trauma banget Langganan disini wkwkw banyak banget masalah nya dari Gak bisa login, eror, dan masih banyak lagi, kalau tau kayak gini mending langganan aplikasi sebelah. Sekelas Disney padahal hahaha , gak mampu bersaing. Ranting aja rendah daripada aplikasi sebelah,saran saya aja mending balik ke TV aja lagi jangan bikin aplikasi kalau gak mampu bersaing.",1,indonesian
udah boros download aplikasi malah udah rusak padhl baru download. aplikasi GG,1,unclear
gak seru pakek bayar,1,unclear
ini gatau ya udah tak setel ga nyalahin vpn / proxy/ layanan pembuka blokir tetep gabisa masuk. ini gimana solusinya,3,indonesian
"ini aplikasi kenapa sih jelek banget ah, masa AQ udah nggak berlangganan tapi kok otomatis bayar sendiri",1,indonesian
"Mau nonton ga bisa di play, layar hitam. Direfund aja dana saya, percuma langganan.",1,indonesian
film nya jelek jelek,1,indonesian
bagus si banyak kartun nya tapi saya kasi masuk no saya tapi malah eror gak mau terus,4,indonesian
ni Disney kebelet umroh apa gimana mahal bet dah murahan dikit ke ya kan kasian yg pen nonton tapi harus bayar kek apaan bet si,1,indonesian
"Jelek banget...., merugikan",1,unclear
"langganan makin mahal, masa kalo mau nonton cuma suara doank ama teks yang muncul. gambar sama sekali tidak muncul dan sudah mencoba relog berkali kali tetap sama. gimana donk rugi ini",1,indonesian
mantap,5,unclear
saya tidak bisa login,1,indonesian
Good Jobs...ğŸ‘ğŸ‘Œ,5,unclear
"apa si uda harga nya makin mahal aplikasi nya malah makin jelek lemot banget apknya ga bisa masuk sama sekali orang uda apa coba di pindahin ke TV malah "" terlalu banyak orang yg mengunakan akun anda saat ini"" orang ga ada yg gunain, nyesel gua nangganan lagi",1,indonesian
Mahal untuk berlangganan,1,indonesian
ini kenapa ya muncul audio nya doang visual nya gk ada,2,indonesian
"aplikasinya bikin pusing. awalnya udah login, terus tiba-tiba keluar. login kembali. mau berlangganan, tidak bisa-bisa, tiba-tiba dibilang udah berlangganan dan terpotong di gopay. tapiiiii ini enggak bisa nonton juga. gimana? mengecewakan.ğŸ˜¡ğŸ˜¡ğŸ˜¡",1,indonesian
"saya instal cuma mau kasih bintang 1 aja, setelah itu saya uninstal lagiğŸ˜ğŸ˜ğŸ˜",1,indonesian
"kenapa uang dana saya di ambil sendiri oleh hotstar? padahal saya tidak mengizinkan aplikasi ini untuk Langung mengambil uang saya? 65k loh ini di ambil, bisa bisa saya laporin ini di pihak tertentu tentang aplikasi ini menguras uang tanpa seizin nya",1,indonesian
"oke, drakor nya bagus2",5,indonesian
"cmn pgn berlangganan 1 bulan, tp belum selesai 1 bulan udh nyedot saldo spay tanpa konfirmasi apa2 tau2 uang saldo berkurang, tolong dong lain kali jangan buat transaksi otomatis apalagi ini belum tanggal tagihan nya juga masa udh harus kesedot uang nya?",1,indonesian
"Maaf saya stop dl langganan ""sampai waktu tidak ditentukan"" ksr",1,indonesian
ajir aplikasi apaini ga jelas,1,unclear
pas daftar eror mulu pdhl jringn udh bagus,1,unclear
pas kita mau mengetik nomor telepon su kirim tetapi kodenya tidak terkirim ke hp saya,2,indonesian
setelah pembayaran tahunan di debet kok malah ndak bisa di buka aplikasinya.....padahal udah terbayar. gimna caranya?,1,indonesian
"ini gimana si padahal udah berlangganan,wifi jaringan bagus pas muter vidio malah ngelag,padahal wifi bagusÂ² aja diperbaiki lah tolong buangÂ² uang bikin rugi",1,indonesian
kenapa ada suara tapi tidak ada gambar?,1,indonesian
"buruk ,selalu loading saat memutar vidio padahal saya pengguna premium . sangat tidak memuaskan",1,indonesian
aplikasi babi,1,unclear
"apk kikir, setiap bulan makin mahal, mana ngelag pula, subs belum 1 bulan tapi udah expired, gjls",1,unclear
g jelas g dapet kode verifikasi,1,unclear
diikitdikit berlanggananğŸ‘,1,unclear
infooo frozen 3 minn ğŸ”¥ğŸ”¥ğŸ”¥,4,unclear
jelek. tidak ada yang pakai dibilang terlalu banyak orang yg memakai akun ini...busuk,1,indonesian
"sialann, sudah di download trus buka aplikasi ny, trus pilih flim mau di putar eeehh tau tau nya sruh beli bulanan, ksmprett",1,indonesian
"ngak bisa login, sudah saya daftar pakek nomor, tapi tetap ngak bisaa, knp ya?",1,indonesian
"Menyedihkan, tambah parah",1,unclear
Napa sihh?? gak bisa nonton harus di bayar? gak ada yang gratis kah? nonton kartun favorit aja gak bisa!!,1,indonesian
"film2nya kurang bagus, banyak trouble di dalam aplikasinya, mau berhenti berlangganan di persulit",1,indonesian
saya tidak bisa login pake kartu Telkomsel,1,indonesian
"apaan coba nonton film yang di nonton suara dan subtitle nya saja,tidak ada gambar nya, malahan black screen",1,indonesian
susah daftar,1,unclear
harga langganannya di tingkatkan tapi pas nonton gambarnya sering putus-putus,1,indonesian
"baru beberapa jam langganan,eh mau nton ad tulisan langganan dijeda. udh bayar 65 ribu loh ini",1,indonesian
Ngga bisa masuk aplikasi padahal Udah re download teros ğŸ˜¤,5,indonesian
cara berhenti salah satu langganan Disney+,2,unclear
mantul,5,unclear
Alhamdulillah Selalu semangat bg â¤ï¸ğŸ‘,5,unclear
this app is very bad,1,english
"Di TV bisa, HP Sam***g bisa. Ini di HP Infi*** nga bisa ditonton, layar hitam. Cuman keluar suaranya doang. Ini yg jawab komplain, AI apa Manusia ya. Sama semua jawaban komplain",3,indonesian
makin jelek aja nih aplikasi,1,indonesian
bagus banget... banyak film yang bagus,5,indonesian
"Kendala karena pakai vpn atau proxy come on ?, alasan macam apa itu",1,indonesian
Gambarnya mana??,1,unclear
"Aplikasi Disney+ Hotstar sering bermasalah. Saat streaming, layar tiba-tiba jadi hitam tapi suara tetap ada. Selain itu, saya berlangganan paket 3 perangkat, 1 layar, tapi saat ingin menonton di laptop, muncul pesan ""Layar sedang aktif di perangkat lain"", padahal saya sudah logout dari HP. Di pengaturan perangkat hanya ada HP dan laptop saya, jadi seharusnya tidak ada masalah. Sudah coba logout dari semua perangkat dan masuk kembali, tapi tetap tidak bisa.",1,indonesian
Aplikasi sampah,1,unclear
"mau login kok susah bener, di tv aman, di tablet sm hape susah bner, kami mendeteksi jaringan tidak biasa, payah nih, ribet",1,indonesian
"Tidak bisa login, code tidak terkirim dan saya sudah melakukan arahan sistem untuk ke website nya tapi sama saja! apa apaan ini! ğŸ˜¤",1,indonesian
ini bayar gaa?,2,indonesian
Fiturnya dikit banget,1,unclear
sangat buruk,1,indonesian
"Gimana ini masa mau nonton internet sudah 50mbps, gk bisa nonton, macet gambar hanya hitam, dipercepat ya macet di gambar yg di percepat, kalau nonton trailer nya lancar jaya Parah sih ini",1,indonesian
Ganggu aja nih iklan,1,indonesian
Vitur download nya sering error Buat download 2 film aja udah gk bisa dibuka ğŸ˜’,2,indonesian
mintol diperbaiki lgi ka soalnya banyak bug,5,unclear
apk ampas,1,unclear
"Setiap mau bikin Akun pasti gagal, aplikasi apa inii, Masa keterangannya kami mendeteksi aktivitas yg tidak biasa.. Situ yang minta alamat Email Situ yang curiga.. kan aneh Auto Delete...!!!!",1,indonesian
"nice, bisa nonton kartun",5,indonesian
Jelek apk nya,1,indonesian
nyesel langganan gambarnya gak muncul cuma ada suaranya doang. udah di hapus data masih aja gak keluar tuh gambar.,1,indonesian
"parah bgt sih ini aplikasi, keluhan pengguna gak di gubris apa gmn ya. rating 3.5 aja udh jelek bgt apalagi ini ratingnya 2.0, ancur bgt sumpah.",1,indonesian
"Semua hits terbaik & terlaris sepanjang masa berkumpul disini, luar biasa!",1,unclear
Aplikasi burik gak rekomen untuk di instal,1,indonesian
"Mahal-mahal bayar, tidak bisa dipakai aplikasinya, Wifi terdeteksi memakai proxy atau semacamnya tapi pakai data internet bisa. Buka streaming lain aja bisa. Mending pakai Netflix.",1,indonesian
Sudah bayar langganan 1 tahun tapi aplikasi tidak bisa di akses,1,indonesian
sangat membantu sekali,5,indonesian
Mantap dan keren koleksi filmnya..,5,indonesian
"Menurut saya aplikasi ini udah bagus dan lengakp, tapi cuma satu yang di sayangkan. Ya itu kalo kita nonton di Googel Tv tidak bisa Ful screen, jadi pengalaman menonton jadi tidak asik, padhal enak di TV. Saya harap update kedepan nya bisa di atasi",3,indonesian
Apk nya bagus tapi berbayar jadi gak niat mau nonton,1,indonesian
saya baru langganan dan menggunakannya di laptop. satu hal yang saya kecewa yaitu kenapa kalau memilih grafik hd seperti 1080p gak tetap 1080p tapi terkadang turun naik grafiknya. saya harap grafiknya bisa di setting hanya 1080p aja jangan turun. saya lebih baik lag tapi settingan grafik bisa stak hanya 1080p atau 720p.,3,indonesian
kenapa harus berbayar sih beriklan gapapa Iki berbayar cooy,1,unclear
Mantap lah,5,unclear
lemot,1,unclear
"Aplikasi yang sangat jelek, very very bad... sangat rugi mendownload aplikasi ini.",1,indonesian
"Teks subtitle kecil banget, ga kelihatan, tolong sediakan teks yg lebih besar",2,unclear
Boikot,1,unclear
Very Good...ğŸ‘ğŸ‘ğŸ‘,5,unclear
"tidsk bisa login , apk g guna",1,indonesian
Aku tidak bisa masuk dari pilem pilem jelek ituğŸ¤¢,1,indonesian
Aplikasi Menyusahkan pengguna,1,unclear
"Aplikasi sampah, mau login aja susah bener, traffic tidak biasa segala macem, kalo gak niat gak usah bikin aplikasi dah, percuma saya langganan juga, padahal sebelumnya gak ada kendala kaya gini, kok sekarang malah rusak gini dah, padahal dulu amanÂ² aja, tanggung jawab tu sama orang yang udah langganan",1,indonesian
"Mau nonton slalu gk bsa, trus abis log out dari account premium malah jadi basic ... padahal uda bayar tahunan Scam kah ?",1,indonesian
Bagaimana ini ada teksnya tapi gelap ga ada gambarnya,1,indonesian
Buruk.,1,unclear
"lancar-lancar aja kok ga ada kendala?login jg lancar, ya mungkin ada kesalahan pas login jdi gabisa",5,indonesian
Basic pertanian sekarang lebih banyak k tanaman Hortikultura bidang tanaman buah buahan seperti durian d alpukat dll,4,indonesian
jaringan tidak stabil,1,indonesian
"Ada suara tapi tidak ada gambar, saya sudah bayar ini bagaimana ya?",2,indonesian
"Kesalahan koneksi 2 minggu, udah bayar bulanan nga bisa di pake nonton",1,indonesian
aneh,1,unclear
"Lumayan bagus dan harganya cukup terjangkau, tapi masih banyak yang harus diperbaiki terutama masalah eror saat streaming, saya menonton ditv yang berbeda padahal sudah mematikan tv sebelumnya tapi masih dianggap terlalu banyak orang yang menggunakan akun anda saat ini",2,indonesian
"Ini gimana,ad suaranya aj tpi gambar video nya gak kluar,dari tdi udh coba berkali-kali uninstall ulang tetep aj gak bisa,tolong donk di perbaiki",1,indonesian
Ini apaann masa harus bayar??hmm tpi gpplahh cuma bisa nonton trailernya doang tapi!,2,indonesian
"Fitur screenshot gak bisa. Screenshot ajah gaperlu screen recording. Mau abadikan momen jadi gak bisa. Terus juga kenapa sering ""terlalu banyak orang yang menonton dengan akun anda"" padahal cuma aktif di 2 platform saja (maksimal kan 3?)",3,indonesian
"Aplikasi aneh aneh aneh aneh, gabisa masukin nomer HP",1,unclear
gak bisa login,1,indonesian
BLACK SCREEN DOANG,1,unclear
Aku gak tau gimana cara daftar nya tolong di bantu donggğŸ˜™ğŸ˜™ğŸ˜™,1,indonesian
makin mahal aja lu Etdah ... mna gabisa login / daftar ... cuma bisa make nmr hp aja kah gada opsi Laen dih ... fix apk streaming Ter setres SE Gugel play ğŸ¤¦ğŸ»â€â™‚ï¸,1,indonesian
sangat membantu,1,indonesian
"Ga ada yang gratis didunia ini, kawan",1,indonesian
Ini kenapa ya koq gak ada gambarnya. Padahal baru top up langganan....,1,indonesian
Saat baru pertama kali mendownload aplikasi ini langsung ditampilkan ke layar login padahal saya sendiri blom membikin akun nya saat Diunisntall dan download lagi masih sama saja,1,indonesian
"Susah login padahal wifi lancar, otp setengah jam baru masuk",1,unclear
Tidak dapat login padahal sudah terima kode verifikasi,3,indonesian
"Aplikasi aneh sudah bayar berlangganan, sudah Terima kode otp via SMS malah kode otp nya di bilang salah",1,indonesian
"Lancar jaya kok. Gambar muncul, suara oke, download online juga ok. First log in aja yang agak ngelag, coba hapus chace / refresh, lalu open lagi. Aman kok ğŸ‘Œ",5,indonesian
Hiburan,5,unclear
Sangat membantu,5,indonesian
"Saya sudah masukan kode yang benar, namun masih belum bisa login, tolong bantuan nya",3,indonesian
sudah beberapa hari download dan hapus karna error tapi masih tetap ada tulisan kesalahan koneksi mau berlangganan pun jadi malas. kalau tidak niat mending tidak usah bikin aplikasi lagi.,1,indonesian
"Kenapa gak ada muncul video nya ya, padahal suara -Nya ada?!?!??!?!?",1,indonesian
DANA DI AMBIL TIDAK BISA DIKEMBALIKAN,1,indonesian
Baru pencet install heheh,5,unclear
gaada gambar,2,unclear
"Apa ini , baru aja dh donlowde malahan udh ada keluhan, daftar aja susah, udh beberapa kali masukin nomor telepon, tp gk ada tuh muncul kodenya, aplikasinya parah si , tolong lah di upgrade lagi gitu",1,indonesian
Sayangnya pro terhadap perusak muka bumi,1,unclear
Apk gak jelas susah login di kirim berapa kali tetap gak ada,1,indonesian
"di laptop bisa da gambar suara,di hp gada gambar ada suara tp muterÂ² terus suka ada tulisan ""matikan perangkat lain"" padahal dah di matikan,jadi susah kalo mau nonton di jalan harus pake laptop.benerin lagi dong",1,indonesian
Baru 1 minggu pakai tidak keluar videonya hanya keluar suara dan loading terus menerus padahal jaringan wifi ok. Untuk aplikasi lain bisa. Hanya ga bisa disneynya aja. Tolong dibantu dong solusinya,1,indonesian
"Aplikasi tolol, pantes ratingnya jelek. Gada gambarnya.",1,unclear
nonton pakai smart TV / stb android..tidak ada suara untuk film dengan bahasa original (asli)..tolong diperbaiki..pengen nonton via TV malahn jadi bad mood,1,indonesian
kenapa semua harus premium,1,unclear
Aplikasi tan login aja susah . Memasukan code selalu salah padahal code langsung dari apk nya,1,indonesian
najiss lagg mlu,1,unclear
"Jgn download GK bisa dibuka,buang2 kuota",1,indonesian
Pengalaman sangat buruk menonton aplikasi streaming ini (seperti nonton film kaset kusut),1,indonesian
Saya langganan 4 Februari harusnya batas pembayaran tanggal 4 Maret tapi kenapa sudah ada pemotongan sejumlah Rp 65.000 di tanggal 2 Maret? Saya juga sudah mengajukan pembatalan pada tanggal 2 maret tanpa tau ada pemotongan saldo pada akun saya.. begitu tanggal 3 Maret saya check ternyata sudah ada pemotongan dana.. lalu dana saya gimana..? kebijakan tidak ada pengembalian dana sedangkan pemotongan dana dilakukan sebelum tenggat waktu. Tolong perbaiki lah sistemnya....,1,indonesian
Gabisa log on eror mulu,1,unclear
"Gambarnya tidak muncul, cuma suara aja lu kira radio",1,indonesian
"Sudah bayar dan gak bisa di pakai dg alasan jaringan ğŸ˜’ Trus instal ulang, hasilnya tetap sama ğŸ« ",1,indonesian
Saya yang penting semua nya lancar dan sukses selalu,5,indonesian
"Tidak bisa login, otp tidak diterima",4,indonesian
"apk tolol nyari vidio g bisa nonton vidio layar item mahal"" doang bayar mending dowload netflik",1,indonesian
Aplikasinya jelek pas login udh pasang nomor telepon malah gk bisa katanya nomornya sama negaranya gk cocok ah emang aplikasi gk berguna buat gw bikin puasa gw batak aja,1,indonesian
"Ini aplikasi apaan sih, udh hapus download masih aja gak mau kebuka sama sekali filmnya",1,indonesian
Agak kurang menarik,4,unclear
gw kira gratis tapi berbayar mending unistal,1,unclear
"Saya mulai langganan tanggal 4 Februari, tapi tanggal 27 Februari tiba-tiba saldo kepotong sebanyak langganan 1 bulan. Padahal belum jatuh tempo, kemudian sekarang di apk diberitahu kalau harus memperbarui langganan lagi. Double dong jadinya, misal 1 bulan harusnya potongan saldo saat tanggal 4 Maret besok, bukan 27 Februari. Tolong diperbaiki lagi.",4,indonesian
"jelek, aku mau nonton dari tv padahal udah dimatiin yang di hp tapi gabisa katanya gabisa lebih dari 2 perangkat padahal yang hp udah mati trus aku sampe pake daya mati berkali kali tetep gabisa, disney jelek bgt pls padahal ekspektasinya tinggi",1,indonesian
kebanyakan film lawas -_ terbaru kurang cepat update,1,unclear
masa toy story harus bayar bulanan???mahal banget lagi,1,unclear
"Lemot, aplikasi error disangka pakai vpn padahal error",1,unclear
"Mau download gak jadi, banyak komentar jelek.",1,unclear
"Pliss perbaiki lah apk ny, gw mau lanjut langganan krn ad film yg mau selesain, tpi klo rusak yaudah lah males, bete jg nanti gw nekat nyoba pas review ny lgi jelek nontonnya gk maksimal",1,unclear
"udah selesai download pas disuruh masukin no telepon,nah pas udah dimasukin kok ga bisa login?please improve it more, i want to watch my favorite movie",1,indonesian
Terbaik,5,unclear
Gj Kiran g bayar ternyata bayar,1,unclear
Netflix ga ada Lawan,1,indonesian
"Punya saya kok gak mau muter film ny ya, padahal udah langganan sampe akhir 2026",1,indonesian
Bagus dan kalau boleh di cepat kan donlod nya y terimakasih,5,indonesian
Aplikasi nya jelek banget g guna percuma download apk ini untuk login aj gak bisa mending g usah di download ini apk ngabisin kuota!!,1,indonesian
"cihh berbayar pula tuğŸ™„ udah gabagus, JELEKKKKKK!!",1,unclear
Dasar aplikasi ga berguna masa harus berlangganan dulu kalau mau nonton film nya buat kalian yang mau donglot lebih baik jangan pernah di donglot nih aplikasi,1,indonesian
Semoga benar dan kenyataan adanya,4,indonesian
"Ingin berhenti berlangganan tp tdk bs dibatalkan, sdh bbrp x hubungi CS tp tdk ada respon. Mohon secepatnya diproses utk pembatalan akun saya. Terimakasih",4,indonesian
sulit buat login,3,unclear
Susah berhenti langganan Sudah berhenti masih ditagih sejumlah Rp. 799.000,1,indonesian
"Aplikasi streaming jelek, udh bayar langganan per bulan ga guna, berapa kali buffer trs, udh kdg sub title sama vidio ga selaras, gada suaranya, unduhan gabisa ditonton. Minta restart lah, ganti ke data/wifi,cek jaringan lah, jelas jelas gw cek jaringan lancar lanacr aja malah kenceng,logika nya gini ya kalau emang gw download vidio biar apa? Ya biar bisa ditonton offline, kalau harus nyalain data lagi ngapain gw download, klo gabisa diperbaikin mending gratisin aja tuh aplikasi, buangÂ² duit aja",1,indonesian
gada gambar nya tpi ad suara ny udh di hps trs install lgi sma aj g ad gmbr ny knp y,1,indonesian
Cooler...,5,unclear
"aplikasinya gimana si dodol, masa gua masuk kaga bisa daftar? padahal itu nomer udah bener, aplikasi rusak rusak",1,indonesian
bagus tapi bayar,4,unclear
Aplikasi gaje,1,unclear
Aplikasi terkutuk tidak bisa masuk sama sekali,1,indonesian
Gk bisa masuk,1,indonesian
"Kenapa ga bisa masuk, koneksi error padahal sy tidak memakai proxy/VPN lainya, mohon bantuannya dan solusinya.",2,indonesian
sering gangguan,5,unclear
"susah log in nya,apk buruk",1,indonesian
"Ini aplikasi kenapa ya. Buat melanjutkan nonton visual nya nggak ada , tapi voice dan durasinya berjalan dengan baik. Sebelumnya baik"" saja , baru 3 hari saya instal & nonton. Apakah bug atau sengaja di batasi dari developernya.?",5,indonesian
Great apk!,5,unclear
kenapa saya tidak bisa menonton di handphone????padahal saya sudah bayar mahal,1,indonesian
"Aplikasi SCAM , ga bisa Log In tapi tetap auto debit",1,indonesian
"""Terlalu banyak yang menggunakan akun anda saat ini"" ""Harap hentikan menonton di perangkat lain untuk melanjutkan video"" Padahal device lain sudah dimatikan. Dan bahkan sudah dikeluarkan dari aplikasi. Tapi masih aja muncul seperti diatas.",2,indonesian
"Aplikasi gajelas, kaptilasi, mau nonton aja dipersulit udh kek pemerintah",1,indonesian
Gd film terbaru ga update!,1,unclear
"Untuk aplikasi di perangkat tv, sounds nya aneh terutama di voice percakapan, saat percakapan santai volume terlalu kecil membuat saya harus menaikan volume dan saat adegan menegangkan volumenya menjadi terlalu besar sehingga harus diturun kan kembali masalah sepele yang bikin gak nyaman nonton.",3,indonesian
Tolong diperbaiki bug nya gak bisa masuk ke aplikasi sering force close,1,indonesian
Mantap semoga makin jaya,5,unclear
kurang lengkap film nya,1,indonesian
"Apk sering banget error, blank dan gk mau beroperasi",1,indonesian
Mn videonya,1,unclear
Login aja susah ğŸ˜¡ğŸ¤¬,1,indonesian
"Udah 2 hari g bisa nyambung gr2 pake wifi rumah. Pdhl biasanya lancar. Dengan note vpn dan proxy nyambung ,pdhl g sm sekali.Udah g usah lanjut lagi. G ada penanganan. Ternyata setelah cek komen juga sama.",1,indonesian
Hapus jangan di download aplikasinya ribet,1,indonesian
mau nonton tapi film tapinga bisa video tidak bergerak sama sekali,1,indonesian
Banyak bug. langanannya mahal lagi,1,unclear
Bagust moerah,1,unclear
suara doang gx ada gambar,1,indonesian
Buruk aplikasinya susah bgt mau login padahal udah berlangganan,1,unclear
"Wow, jeryen sekali aplikasi ini, kualitas nya sangat bagus, dan pemutaran video sangat lancar ğŸ¦…",1,indonesian
Mantap,5,unclear
Karena bisa menonton apa saja jadi karena ada ngeback nya jadi nya kasih bintang 4 dulu tapi bagus kok,4,indonesian
Oy dana gua ke kuras plis lah kalau pembayaran tolong konfirmasi ke emaillllll kan ada emailll kalau telatya udah jangan asal,1,indonesian
gak bisa di bukaa,1,indonesian
"Yang berlangganan kok pada ngeluh ya, aku kaum mendang - mending cari yang gratisan aja, banyak film yang saya cari dari short video di Facebook saya temukan disini. Searching ketemu langsung download filmnya nonton pas lagi fatique saat mancal HD di tambang atau saat hujan. Sebelumnya berlangganan di netfl*x cuma banyak pencarian film g ketemu,iseng"" cari aplikasi yang lainnya ketemu lah aplikasi ini, auto stop berlangganan netflix uninstall dan setia pakai aplikasi ini. Makasih BSTATION.",5,indonesian
"Saya sangat menyukai aplikasi ini!, namun. Ada beberapa bug di aplikasi ini seperti saat saya gagal mendownload film yang saya inginkan, dan saya memencet ""Coba Unduh Lagi"" tetapi tidak terunduh melainkan tidak terjadi apa-apa, saya disini melapor kan bug dan saya mengrating aplikasi ini. Terimakasih!",4,indonesian
Apk gj download lama pas nonton eh gak ada gambar huuu ğŸ˜¤ğŸ˜¤ğŸ˜¤ğŸ˜¤,1,indonesian
"Sori kasih bintang 1. Jelek tidak seperti netflix. Ini sudah pilih yang premium 10 device, malah cuma bisa 2 device...huft...",1,indonesian
Sangat susah sekali dan bahkan tidak bisa login nya,2,indonesian
Hahaha. Memalukan,1,unclear
Otp code salah terus,1,unclear
Miris rate nya juga,1,indonesian
Masa baru download langsung di suruhh bayar,1,indonesian
"Udah berlangganan, belum sampai sebulan udah ga bisa nonton lagi, layar nya gelap padahal wifi lancar"" Aja",1,indonesian
jir jelek banget ratingnya,1,unclear
"APLIKASI NYA BURUK sering gagal putar, mirror ke tv juga sering gak bisa.. film2 nya kurang menarik.. terlalu banyak BUG,, subtitle indo nya juga bnyk yg gak ada.. menyesal bgt berlangganan krna review2 busuk di youtube,, cuma dipake 2-3x aja.. mending nambah dikit langganan netflix sdh jelas2 berkualitas, drpd langganan ini gak bisa dipake.. APES",1,indonesian
"Sering ga konek, udah bayar mahal dan langganan susah buat nontonnya. Tolong PECAT DIVISI NETWORK NYA. Payah.",1,indonesian
"Tolong ditambah lagi filmnya, terutama banyak drama korea yang bagus",4,indonesian
"Emang benar ada beberapa bug,tapi dilihat dari sisi baik,entah kenapa apk ini memulihkan akun ku dulu yang telah lama hilang,jadii Terima kasih atas bantuan nya",5,indonesian
Baru saja berlangganan sudah error tidak bisa di tonton,1,indonesian
"Woy uang gw ngapa diambil,pdhl gk berlangganan lgi malah kepotong lgi duitnya",1,unclear
Gak bisa login,1,indonesian
Ada film yg gratis buat menonton?,5,indonesian
Aplikasi sampah,1,unclear
untuk developer tolong segera di perbaiki semua fiturnya. lihat ranting aplikasi ini sangat jelek sekali! kualitas aplikasi sangat buruk.,1,indonesian
Pelayanan Disney mantap cuy,5,unclear
Terpotong otomatis biaya nya melalui dana tapi sampai skrg sudah 2 hari blm bisa di tonton disitu di katakan lakukan pembayaran dulu.,3,indonesian
Aplikasinya jelek di persulit mulu kode verif nya gajelas udh di masukin bner malah salah berulang ulang,1,indonesian
Kurang bagus masalh nya semua trailer doang,1,indonesian
"video hanya muncul suara, sudah mencoba dikasih apk via google drive ternyata hanya beberapa waktu saja dan permasalahan muncul kembali...",1,indonesian
Halo kenapa aku ga dapet kode?,1,unclear
"Bintang tidak berbohong, dari pada buang2 duit buat langganan ini aplikasi. mending cari aplikasi streaming lain yg lebih jelas dan pasti.",1,indonesian
"Gak bisa hapus akun, aplikasi busuk",1,indonesian
Jelekkk,1,unclear
"tidak bisa di buka,alasan kedahalan jaringan",1,indonesian
Nga bisa login,1,indonesian
Ganti nama aplikasinya jadi Disney hot radio suara doang GK ada gambar blog..,1,indonesian
Saya berlangganan disney 1 bulan. Langganan saya berakhir tanggal 12 februari. Ini masih tanggal 10 februari dan masa langganan belum berakhir. Tapi saldo saya sudah terpotong dan tidak ada pengembalian dana. Tolong tanggapi!,1,indonesian
aku sukağŸ˜„ğŸ˜†,5,unclear
"Kirain filmnya bagus-bagus ternyata jelak kebanyakan kartun, fantasi dan drama tidak jelas.",1,indonesian
"Nonton film selalu bufering,email cs tetap nggak ada solusi",1,indonesian
Hapus aja aplikasih ini dari play store,1,indonesian
"Video susah di putar error Mulu, suara gak ada mending Netflix dah",1,indonesian
I Like Disney+ Hotstar!,5,unclear
"Gabisa login padahal jaringan bagus,wifi ga bisa,paket data pun gabisa",1,unclear
"Aplikasi ngga jelas br mau daftar aja udah ngga bisa, klu ngga siap pakai ngga usah launching aplikasi sampah kaya gini",1,indonesian
Kenapa Spider verse sedikit?,5,unclear
Payaahhh kode otp udah dimasukin tapi salah mulu. Yang ngirim kode otp kan lu sendiri. Masa kode otp lu yang ngirim lu juga yang salahin. Aneh,1,indonesian
"Kenapa pemutaran videonya menjadi lemot sekalii, padahal internet syaa lancar saja di platform lain",3,indonesian
Jelek banget deh ap nya.....masak aku. Cuman tertaut 1 pas nonton ad pemberitahuan full screen...maksudnya apa coba ????,1,indonesian
Mau nonton film ga bisa2. Tulisannya masalah jaringan. Sudah pakai wifi dan data tetep ga bisa.,1,indonesian
KODE VERIFIKASI NYA GABISA ANEHHHHHHHHH GAJELAS NOIY GILA STRESSSSS,1,indonesian
"Ya Tuhan Tolong Kembalikan Uang Saya. Tiba Tiba Ketarik Otomatis Di Akun Dana Saya Senilai 65.000,itu sepertinya kepencet fitur langananya,saya mohon kembalikan uang saya,saya sangat membutuhkan uang saya",3,indonesian
Suaranya kecil banget beda sama Netflix dan lain2.,2,indonesian
Sukanya ngulang ngulang kode Gak masuk juga,1,indonesian
Maaaf kasih bintang dua soalnya pas mau login tiba tiba gak bisa login,3,indonesian
ini apk sampah. gambar muter2 mulu. gjs,1,indonesian
"film banyak yg dihilangkan, bahkan upin ipin, pdhl aku langganan 1 tahun pas tahun 2023 200rb an, skrng 400-700 rb an. mau stop langganan tp aku pecinta princess disneyğŸ˜”",2,indonesian
Tidak ada gambar nya.cuma suara...kembalikan uang saya,1,indonesian
Tolong perbanyak dubing seperti aplikasi sebelah dan perbanyak/perlengkap fitur seperti aplikasi sebelah,4,indonesian
"subtitle kecil, sering ngelag",1,unclear
Harus bayar klo mau nnton,2,unclear
Untuk login harus logout dulu salah satu akun jadi nya repot,2,indonesian
Ini knpa udh download malah ga bisa daftar gabisa di pencet pas mau masukin kode negara nya haduhh,1,indonesian
"Min mau nanya, ini masalah yang sering di alami(cuma ada suara, tidak ada gambar) sudah di perbaiki belum ya? Saya ingin berlangganan lagi tapi takut ga bisa di pakai karena masalah tersebut. tolong min bisa bantu jawab",3,indonesian
"video selalu buffering , sudah pakai wifi atau data sama saja ratting bintang 1 sebanyak itu ga ada perbaikan aplikasi",1,indonesian
Tidak bisa login.,1,indonesian
"Yakali gua ngatur subtitle di ytub biar kecil,mlh di disney ikut kecil ,tolong segera diperbaiki",1,indonesian
Bagus sihhh tapi filim nya kurang banyak,3,indonesian
"Ini kenapa ya?? Kok gada gambarnya pas nonton, cuma ada suaranya ğŸ˜”ğŸ˜”",1,indonesian
Langganannya mihil boss,4,unclear
Rugiiii,1,unclear
Kacau Disney hotstar sekarang ada suara tidak ada gambar untung tidak saya upgrade untuk semua cari aplikasi yang lain saja,1,indonesian
Kenapa saat masuk otp tidak bisa masuk ke apk saat di klik,1,indonesian
Kualitas download film sudah pilih full hd ketika di play rendering gambar turun seperti streaming ketika koneksi internet jelek.,3,indonesian
Kalau pake data seluler lancar tapi kalau pakai wifi gak bisa,1,indonesian
"Aplikasi busuk, suara ada gambarnya gak ada. Udh berasa lagi denger radio aja",1,indonesian
Najis,1,unclear
"Saran kepada Applikasi Disney Hotstar, baru baru ini, aplikasi sering tidak tampilkan gambar film, hanya ada suara, meski Telah update app...",3,indonesian
"Kenapa saya tidak bisa menonton film yg ingin saya tonton padahal saya sudah upgrade ke premium,,selalu loading tolong diperbaiki masa udh beli mahalÂ² g bs dibuka[tidak bisa dibuka pada pukul (16.15)(2 febuari 2025)]",1,indonesian
"Udah mah sekarang film disney dah busuk isi harga platform filmnya mahal, siapa yg mau beli terus menerus",1,unclear
Blackscreen for 2 days. Lol i can't even screenshoot because it's when I'm watching something,1,english
"Video tdk muncul gambar, hanya ada suara. Sdh uninstall - install lagi tetap tdk bisa. Settingan video sdh mode paling rendah, tetap tdk bisa. Sdh email ke disney hotstar, sdh lakukan langkah2 di email tetap tdk bisa, mana ribet banget step2 nya",1,indonesian
"Ini disney aneh banget sumpah tolil, cuma mau masuk doang tinggal masukin kode otp tapi salah terus. Kode otp nya aja sms langsung dari disney tapi disalahin terus. Gimana ceritanyaaaa, ah!",1,indonesian
"Selalu saja gangguan koneksi, tidak ada solusi, email tidak ada solusi",1,indonesian
"Nyesel berlanganan, aplikasinya ga memadai, tolong di benerin lagi dong",1,indonesian
"susah login, dicoba berulang kali tidak bisa",1,indonesian
"Aplikasi apa ini.. Setiap nonton film baru.. selalu macet2, kualitas gambar nya di turunkan pun masih bgitu.. Nyesel berlangganan..",1,indonesian
Mau login aja ga bisa..masukin no hp terkendalağŸ¤¦â€â™‚,1,indonesian
Aplikasi taekk.. Padahal sinyal lancar tapi loading minta ampun pas streaming. Emang aplikasi streaming paling taekk.. Nyesel langganan,1,unclear
Mantul,5,unclear
Terima kasih,5,unclear
Mau login eror terus,1,unclear
Udh download sama uninstall berkaliÂ² tapi tetap aja gak bisa masuk tulisannya terjadi kesalahan. kemarin bisa tuh masuk ehh pas mau langganan di apknya gak bisa tulisannya terjadi kesalahan,1,indonesian
Disney suck,1,unclear
"Kenapa yah cuma bisa satu device saja yang bisa di tonton, padahal saya berlangganan untuk 3 device??? Tolong yang amanah dong, jangan menipu",2,indonesian
"Gua nyesel bgt udah bayar bulanan malah gak bisa di tonton, ini kenapa sih disney suara nya doang yg muncul tapi gambar nya gak muncul ğŸ˜­ğŸ˜®â€ğŸ’¨",1,indonesian
Overall bagus cuma saya ada sedikit masalah sama ui nya yg suka ngebut ya cuma itu aja sih,4,indonesian
"Langganan sudah dibatalkan tapi dana tetap di debet. Langganan saya berakhir 31 Januari, dan sudah melakukan pembatalan perpanjangan. Tapi dana saya sudah di debet dari gopay tanggal 30 Januari. Bagaimana caranya untuk mengajukan pengembalian dana?",2,indonesian
PANTAS RATING JELEK NONTON AJA GA BISA HARUS BAYAR MAHAL LAGI JANGAN DOWNLOAD,1,indonesian
keep it up i love this app ğŸ¤©,1,english
"Tolong lah dibantu, padahal saya tidak pernah menggunakan vpn atau proxy tapi tiba-tiba pas mau nonton muncul notif kesalahan koneksi katanya terhubung ke vpn atau proxy. Rugi saya bayar mahal nggak bisa nonton sama sekali. Eh giliran buat pengaduan katanya harus nonton pake kuota internet jangan pake wifi rumah, ya boros banget dong",1,indonesian
"ini kenapa saya gak bisa daftar yah, padahal udah di kirim kodeny tapi tetep salah, padahal kodenya benar?",1,indonesian
"Beresin segera dah nih apps, sumpah, masak ga masih tetap ga ada gambarnya cuman ada suaranya aja ğŸ˜¡ğŸ˜¡ Satu lagi, ga usah minta user kirim2 keluhan via email. Langsung perbaiki apps nya. Ga usah ngeribetin user ğŸ˜¡ğŸ˜¡",1,indonesian
"ini aplikasi apaan sih, sumpah rugi banget baru juga mau nonton sering banget ada suaranya gaada gambarnya abis itu buffering mulu padahal koneksi nya bagus, rugii boncosss sumpah!!!",1,indonesian
Mantap ğŸ’ªğŸ’ªğŸ’ª,5,unclear
"Udah langganan premium tapi ternyata pas di puter filmnya gambar ga keluar hanya ada suaranya saja, udh di unistall dicoba berkali-kali tetep aja engga bisa, ayolah diperbaiki",1,indonesian
Berkali kali coba mau langganan ngga bisa bisa. Tulisannya sudah berlangganan tapi semua video ga bisa d akses. Mau bayar pun ngga bisa. Kenapa sulit sekali sistemnya.,1,indonesian
Kok di smart TV disney hotstar ngealAG terus ya? Suka berhenti dan eror.. Dah bayar sebulan juga ..di email juga eror..hadew.mana dah terlanjur bayar jugaaa,1,indonesian
"Ini aplikasi yang bagus,orang orang yang bilang ini tidak bagus itu karena hp kepenuhan memo dan sinyal nya aja terus kalo sinyal jelek ya download aja kan ada fitur download film biar nonton nya bisa offline GK ush langsung kritik deh kalo GK cek dulu",5,indonesian
"Apk gak jelas udah berlangganan basic Pas mau nonton tetap aja gak bisa, mau nonton film tiba tiba nge freeze terus kembali ke layar kunci, udah gitu berkali kali juga hapus apk nya, hapus cache nya.",1,indonesian
"pembayaran sudah dilakukan via gopay tapi tidak bisa login, yang tampil error 92, bagaimana ini?",1,indonesian
Harganya mahal kualitas nihil nyesel udh langganan setahun lagiğŸ˜­,1,unclear
"OI.. BIKIN APPS DI MAINTAIN LAAA..!! gak bisa masuk, klik ""bantuan"" Halaman tidak tersedia ğŸ¤¦â€â™‚ï¸ niat mau tahunan RAGUUU",1,indonesian
Apk gak guna di buat,1,indonesian
CUKUP SEKALI SEUMUR HIDUP LANGGANAN DISNEY. FILM LAMA UPDATE. DIBIOSKOP 2 BULAN SELESAI TAYANG TAPI DI DISNEY BELUM ADA. MAHAL DOANG GA BERKUALITAS.,1,indonesian
"Untuk sekarang cukup puas, namun ada bug yang cukup membuat kesal, Dan Tolonglah Disney+, berlangganan sekarang mahalnya seperti Netflix, masih aja ada Bug yang merugikan pengguna!",4,indonesian
Anjirr w ud batalin berlangganannya tapi kok masih nyedot duit w .. Anjir banget ğŸ˜­,3,unclear
saya sudah langganan beberapa kali dan sebelumnya aman saja tapi semenjak tahun 2025 ini entah kenapa banyak bug errornya yang mulai video tidak bisa di putar melalui hp atau kalau pas di putar di tv suara tersendat sendat entahlah terlanjur langganan bulanan juga,2,indonesian
Bagus dan keren,4,indonesian
Alay,1,unclear
cacat,1,unclear
Bad,1,unclear
Kecewa,1,unclear
"Kata nya free kalo mau nntn ini mau nntn Frozen, Moana aja harus berlangganan masa saya cuma harus bisa nntn trailer nya doang itu juga 1 mnt masuk nya juga ribet habis habisin uang cuma buat nntn kartun doang perbaiki dong min mas asaya harus berlangganan buat nntn doang kan habis habisin uang udh nabung sampe 1 JT 200 masa saya harus bayar 700an ribuuu!ğŸ˜­ Perbaiki dong min saya kasih bintang ğŸŒŸğŸŒŸ aja",2,indonesian
Sulit banget buat login,1,unclear
